[{"type":"d","state":"telangana","statecode":"TG","c19oName":"Adilabad","apiName":"adilabad"},{"type":"d","state":"madhya_pradesh","statecode":"MP","c19oName":"Agar Malwa","apiName":"agar_malwa"},{"type":"d","state":"uttar_pradesh","statecode":"UP","c19oName":"Agra","apiName":"agra"},{"type":"d","state":"gujarat","statecode":"GJ","c19oName":"Ahmedabad","apiName":"ahmadabad"},{"type":"d","state":"maharashtra","statecode":"MH","c19oName":"Ahmednagar","apiName":"ahmadnagar"},{"type":"d","state":"mizoram","statecode":"MZ","c19oName":"Aizawl","apiName":"aizawl"},{"type":"d","state":"rajasthan","statecode":"RJ","c19oName":"Ajmer","apiName":"ajmer"},{"type":"d","state":"maharashtra","statecode":"MH","c19oName":"Akola","apiName":"akola"},{"type":"d","state":"kerala","statecode":"KL","c19oName":"Alappuzha","apiName":"alappuzha"},{"type":"d","state":"uttar_pradesh","statecode":"UP","c19oName":"Aligarh","apiName":"aligarh"},{"type":"d","state":"west_bengal","statecode":"WB","c19oName":"Alipurduar","apiName":"alipurduar"},{"type":"d","state":"madhya_pradesh","statecode":"MP","c19oName":"Alirajpur","apiName":"alirajpur"},{"type":"d","state":"uttarakhand","statecode":"UT","c19oName":"Almora","apiName":"almora"},{"type":"d","state":"rajasthan","statecode":"RJ","c19oName":"Alwar","apiName":"alwar"},{"type":"d","state":"haryana","statecode":"HR","c19oName":"Ambala","apiName":"ambala"},{"type":"d","state":"uttar_pradesh","statecode":"UP","c19oName":"Ambedkar Nagar","apiName":"ambedkar_nagar"},{"type":"d","state":"uttar_pradesh","statecode":"UP","c19oName":"Amethi","apiName":"amethi"},{"type":"d","state":"maharashtra","statecode":"MH","c19oName":"Amravati","apiName":"amravati"},{"type":"d","state":"gujarat","statecode":"GJ","c19oName":"Amreli","apiName":"amreli"},{"type":"d","state":"punjab","statecode":"PB","c19oName":"Amritsar","apiName":"amritsar"},{"type":"d","state":"uttar_pradesh","statecode":"UP","c19oName":"Amroha","apiName":"amroha"},{"type":"d","state":"gujarat","statecode":"GJ","c19oName":"Anand","apiName":"anand"},{"type":"d","state":"andhra_pradesh","statecode":"AD","c19oName":"Anantapur","apiName":"anantapur"},{"type":"d","state":"jammu_and_kashmir","statecode":"JK","c19oName":"Anantnag","apiName":"anantnag"},{"type":"u","state":"andaman_and_nicobar","statecode":"AN","c19oName":"Andaman and Nicobar Islands","apiName":"andaman_and_nicobar"},{"type":"s","state":"andhra_pradesh","statecode":"AP","c19oName":"Andhra Pradesh","apiName":"andhra_pradesh"},{"type":"d","state":"arunachal_pradesh","statecode":"AR","c19oName":"Angul","apiName":"anjaw"},{"type":"d","state":"odisha","statecode":"OR","c19oName":"Anjaw","apiName":"anugul"},{"type":"d","state":"madhya_pradesh","statecode":"MP","c19oName":"Anuppur","apiName":"anuppur"},{"type":"d","state":"bihar","statecode":"BR","c19oName":"Araria","apiName":"araria"},{"type":"d","state":"gujarat","statecode":"GJ","c19oName":"Aravalli","apiName":"aravalli"},{"type":"d","state":"tamil_nadu","statecode":"TN","c19oName":"Ariyalur","apiName":"ariyalur"},{"type":"s","state":"arunachal_pradesh","statecode":"AR","c19oName":"Arunachal Pradesh","apiName":"arunachal_pradesh"},{"type":"d","state":"bihar","statecode":"BR","c19oName":"Arwal","apiName":"arwal"},{"type":"d","state":"madhya_pradesh","statecode":"MP","c19oName":"Ashoknagar","apiName":"ashoknagar"},{"type":"s","state":"assam","statecode":"AS","c19oName":"Assam","apiName":"assam"},{"type":"d","state":"uttar_pradesh","statecode":"UP","c19oName":"Auraiya","apiName":"auraiya"},{"type":"d","state":"bihar","statecode":"BR","c19oName":"Aurangabad","apiName":"aurangabadbr"},{"type":"d","state":"maharashtra","statecode":"MH","c19oName":"Aurangabad","apiName":"aurangabad"},{"type":"d","state":"uttar_pradesh","statecode":"UP","c19oName":"Ayodhya","apiName":"faizabad"},{"type":"d","state":"uttar_pradesh","statecode":"UP","c19oName":"Azamgarh","apiName":"azamgarh"},{"type":"d","state":"karnataka","statecode":"KA","c19oName":"Bagalkote","apiName":"bagalkot"},{"type":"d","state":"uttarakhand","statecode":"UT","c19oName":"Bageshwar","apiName":"bageshwar"},{"type":"d","state":"uttar_pradesh","statecode":"UP","c19oName":"Baghpat","apiName":"baghpat"},{"type":"d","state":"uttar_pradesh","statecode":"UP","c19oName":"Bahraich","apiName":"bahraich"},{"type":"d","state":"assam","statecode":"AS","c19oName":"Baksa","apiName":"baksa"},{"type":"d","state":"madhya_pradesh","statecode":"MP","c19oName":"Balaghat","apiName":"balaghat"},{"type":"d","state":"odisha","statecode":"OR","c19oName":"Balangir","apiName":"balangir"},{"type":"d","state":"odisha","statecode":"OR","c19oName":"Balasore","apiName":"baleshwar"},{"type":"d","state":"karnataka","statecode":"KA","c19oName":"Ballari","apiName":"bellary"},{"type":"d","state":"uttar_pradesh","statecode":"UP","c19oName":"Ballia","apiName":"ballia"},{"type":"d","state":"chhattisgarh","statecode":"CT","c19oName":"Balod","apiName":"balod"},{"type":"d","state":"chhattisgarh","statecode":"CT","c19oName":"Baloda Bazar","apiName":"baloda_bazar"},{"type":"d","state":"chhattisgarh","statecode":"CT","c19oName":"Balrampur","apiName":"balrampur"},{"type":"d","state":"uttar_pradesh","statecode":"UP","c19oName":"Balrampur","apiName":"balrampurct"},{"type":"d","state":"chhattisgarh","statecode":"CT","c19oName":"Bametara","apiName":"bemetara"},{"type":"d","state":"gujarat","statecode":"GJ","c19oName":"Banaskantha","apiName":"banas_kantha"},{"type":"d","state":"uttar_pradesh","statecode":"UP","c19oName":"Banda","apiName":"banda"},{"type":"d","state":"jammu_and_kashmir","statecode":"JK","c19oName":"Bandipora","apiName":"bandipore"},{"type":"d","state":"bihar","statecode":"BR","c19oName":"Banka","apiName":"banka"},{"type":"d","state":"west_bengal","statecode":"WB","c19oName":"Bankura","apiName":"bankura"},{"type":"d","state":"rajasthan","statecode":"RJ","c19oName":"Banswara","apiName":"banswara"},{"type":"d","state":"uttar_pradesh","statecode":"UP","c19oName":"Barabanki","apiName":"barabanki"},{"type":"d","state":"jammu_and_kashmir","statecode":"JK","c19oName":"Baramulla","apiName":"baramulla"},{"type":"d","state":"rajasthan","statecode":"RJ","c19oName":"Baran","apiName":"baran"},{"type":"d","state":"uttar_pradesh","statecode":"UP","c19oName":"Bareilly","apiName":"bareilly"},{"type":"d","state":"odisha","statecode":"OR","c19oName":"Bargarh","apiName":"bargarh"},{"type":"d","state":"rajasthan","statecode":"RJ","c19oName":"Barmer","apiName":"barmer"},{"type":"d","state":"punjab","statecode":"PB","c19oName":"Barnala","apiName":"barnala"},{"type":"d","state":"assam","statecode":"AS","c19oName":"Barpeta","apiName":"barpeta"},{"type":"d","state":"madhya_pradesh","statecode":"MP","c19oName":"Barwani","apiName":"barwani"},{"type":"d","state":"chhattisgarh","statecode":"CT","c19oName":"Bastar","apiName":"bastar"},{"type":"d","state":"uttar_pradesh","statecode":"UP","c19oName":"Basti","apiName":"basti"},{"type":"d","state":"punjab","statecode":"PB","c19oName":"Bathinda","apiName":"bathinda"},{"type":"d","state":"maharashtra","statecode":"MH","c19oName":"Beed","apiName":"bid"},{"type":"d","state":"bihar","statecode":"BR","c19oName":"Begusarai","apiName":"begusarai"},{"type":"d","state":"karnataka","statecode":"KA","c19oName":"Belagavi","apiName":"belgaum"},{"type":"d","state":"karnataka","statecode":"KA","c19oName":"Bengaluru Rural","apiName":"bangalore_rural"},{"type":"d","state":"karnataka","statecode":"KA","c19oName":"Bengaluru Urban","apiName":"bangalore"},{"type":"d","state":"madhya_pradesh","statecode":"MP","c19oName":"Betul","apiName":"betul"},{"type":"d","state":"uttar_pradesh","statecode":"UP","c19oName":"Bhadohi","apiName":"sant_ravi_das_nagar"},{"type":"d","state":"telangana","statecode":"TG","c19oName":"Bhadradri Kothagudem","apiName":"bhadradri_kothagudem"},{"type":"d","state":"odisha","statecode":"OR","c19oName":"Bhadrak","apiName":"bhadrak"},{"type":"d","state":"bihar","statecode":"BR","c19oName":"Bhagalpur","apiName":"bhagalpur"},{"type":"d","state":"maharashtra","statecode":"MH","c19oName":"Bhandara","apiName":"bhandara"},{"type":"d","state":"rajasthan","statecode":"RJ","c19oName":"Bharatpur","apiName":"bharatpur"},{"type":"d","state":"gujarat","statecode":"GJ","c19oName":"Bharuch","apiName":"bharuch"},{"type":"d","state":"gujarat","statecode":"GJ","c19oName":"Bhavnagar","apiName":"bhavnagar"},{"type":"d","state":"rajasthan","statecode":"RJ","c19oName":"Bhilwara","apiName":"bhilwara"},{"type":"d","state":"madhya_pradesh","statecode":"MP","c19oName":"Bhind","apiName":"bhind"},{"type":"d","state":"haryana","statecode":"HR","c19oName":"Bhiwani","apiName":"bhiwani"},{"type":"d","state":"bihar","statecode":"BR","c19oName":"Bhojpur","apiName":"bhojpur"},{"type":"d","state":"madhya_pradesh","statecode":"MP","c19oName":"Bhopal","apiName":"bhopal"},{"type":"d","state":"karnataka","statecode":"KA","c19oName":"Bidar","apiName":"bidar"},{"type":"s","state":"bihar","statecode":"BR","c19oName":"Bihar","apiName":"bihar"},{"type":"d","state":"chhattisgarh","statecode":"CT","c19oName":"Bijapur","apiName":"bijapur"},{"type":"d","state":"uttar_pradesh","statecode":"UP","c19oName":"Bijnor","apiName":"bijnor"},{"type":"d","state":"rajasthan","statecode":"RJ","c19oName":"Bikaner","apiName":"bikaner"},{"type":"d","state":"himachal_pradesh","statecode":"HP","c19oName":"Bilaspur","apiName":"bilaspur"},{"type":"d","state":"chhattisgarh","statecode":"CT","c19oName":"Bilaspur","apiName":"bilaspurct"},{"type":"d","state":"west_bengal","statecode":"WB","c19oName":"Birbhum","apiName":"birbhum"},{"type":"d","state":"manipur","statecode":"MN","c19oName":"Bishnupur","apiName":"bishnupur"},{"type":"d","state":"assam","statecode":"AS","c19oName":"Biswanath","apiName":"sonitpur"},{"type":"d","state":"jharkhand","statecode":"JH","c19oName":"Bokaro","apiName":"bokaro"},{"type":"d","state":"assam","statecode":"AS","c19oName":"Bongaigaon","apiName":"bongaigaon"},{"type":"d","state":"gujarat","statecode":"GJ","c19oName":"Botad","apiName":"botad"},{"type":"d","state":"odisha","statecode":"OR","c19oName":"Boudh","apiName":"bauda"},{"type":"d","state":"uttar_pradesh","statecode":"UP","c19oName":"Budaun","apiName":"budaun"},{"type":"d","state":"jammu_and_kashmir","statecode":"JK","c19oName":"Budgam","apiName":"badgam"},{"type":"d","state":"uttar_pradesh","statecode":"UP","c19oName":"Bulandshahr","apiName":"bulandshahr"},{"type":"d","state":"maharashtra","statecode":"MH","c19oName":"Buldhana","apiName":"buldana"},{"type":"d","state":"rajasthan","statecode":"RJ","c19oName":"Bundi","apiName":"bundi"},{"type":"d","state":"madhya_pradesh","statecode":"MP","c19oName":"Burhanpur","apiName":"burhanpur"},{"type":"d","state":"bihar","statecode":"BR","c19oName":"Buxar","apiName":"buxar"},{"type":"d","state":"assam","statecode":"AS","c19oName":"Cachar","apiName":"cachar"},{"type":"d","state":"nct_of_delhi","statecode":"DL","c19oName":"Central Delhi","apiName":"west"},{"type":"d","state":"karnataka","statecode":"KA","c19oName":"Chamarajanagara","apiName":"chamrajnagar"},{"type":"d","state":"himachal_pradesh","statecode":"HP","c19oName":"Chamba","apiName":"chamba"},{"type":"d","state":"uttarakhand","statecode":"UT","c19oName":"Chamoli","apiName":"chamoli"},{"type":"d","state":"uttarakhand","statecode":"UT","c19oName":"Champawat","apiName":"champawat"},{"type":"d","state":"mizoram","statecode":"MZ","c19oName":"Champhai","apiName":"champhai"},{"type":"d","state":"uttar_pradesh","statecode":"UP","c19oName":"Chandauli","apiName":"chandauli"},{"type":"d","state":"manipur","statecode":"MN","c19oName":"Chandel","apiName":"chandel"},{"type":"d","state":"chandigarh","statecode":"CH","c19oName":"Chandigarh","apiName":"chandigarh"},{"type":"u","state":"chandigarh","statecode":"CH","c19oName":"Chandigarh","apiName":"chandigarh"},{"type":"d","state":"maharashtra","statecode":"MH","c19oName":"Chandrapur","apiName":"chandrapur"},{"type":"d","state":"arunachal_pradesh","statecode":"AR","c19oName":"Changlang","apiName":"changlang"},{"type":"d","state":"assam","statecode":"AS","c19oName":"Charaideo","apiName":"sivasagar"},{"type":"d","state":"haryana","statecode":"HR","c19oName":"Charkhi Dadri","apiName":"bhiwani"},{"type":"d","state":"jharkhand","statecode":"JH","c19oName":"Chatra","apiName":"chatra"},{"type":"d","state":"tamil_nadu","statecode":"TN","c19oName":"Chengalpattu","apiName":"kancheepuram"},{"type":"d","state":"tamil_nadu","statecode":"TN","c19oName":"Chennai","apiName":"chennai"},{"type":"d","state":"madhya_pradesh","statecode":"MP","c19oName":"Chhatarpur","apiName":"chhatarpur"},{"type":"s","state":"chhattisgarh","statecode":"CT","c19oName":"Chhattisgarh","apiName":"chhattisgarh"},{"type":"d","state":"madhya_pradesh","statecode":"MP","c19oName":"Chhindwara","apiName":"chhindwara"},{"type":"d","state":"gujarat","statecode":"GJ","c19oName":"Chhota Udaipur","apiName":"chhota_udaipur"},{"type":"d","state":"karnataka","statecode":"KA","c19oName":"Chikkaballapura","apiName":"chikballapura"},{"type":"d","state":"karnataka","statecode":"KA","c19oName":"Chikkamagaluru","apiName":"chikmagalur"},{"type":"d","state":"assam","statecode":"AS","c19oName":"Chirang","apiName":"chirang"},{"type":"d","state":"karnataka","statecode":"KA","c19oName":"Chitradurga","apiName":"chitradurga"},{"type":"d","state":"uttar_pradesh","statecode":"UP","c19oName":"Chitrakoot","apiName":"chitrakoot"},{"type":"d","state":"andhra_pradesh","statecode":"AD","c19oName":"Chittoor","apiName":"chittoor"},{"type":"d","state":"rajasthan","statecode":"RJ","c19oName":"Chittorgarh","apiName":"chittaurgarh"},{"type":"d","state":"manipur","statecode":"MN","c19oName":"Churachandpur","apiName":"churachandpur"},{"type":"d","state":"rajasthan","statecode":"RJ","c19oName":"Churu","apiName":"churu"},{"type":"d","state":"tamil_nadu","statecode":"TN","c19oName":"Coimbatore","apiName":"coimbatore"},{"type":"d","state":"west_bengal","statecode":"WB","c19oName":"Cooch Behar","apiName":"koch_bihar"},{"type":"d","state":"tamil_nadu","statecode":"TN","c19oName":"Cuddalore","apiName":"cuddalore"},{"type":"d","state":"odisha","statecode":"OR","c19oName":"Cuttack","apiName":"cuttack"},{"type":"d","state":"dadra_and_nagar_haveli","statecode":"DN","c19oName":"Dadra and Nagar Haveli","apiName":"dadra_and_nagar_haveli"},{"type":"d","state":"gujarat","statecode":"GJ","c19oName":"Dahod","apiName":"dahod"},{"type":"d","state":"chhattisgarh","statecode":"CT","c19oName":"Dakshin Bastar Dantewada","apiName":"dantewada"},{"type":"d","state":"west_bengal","statecode":"WB","c19oName":"Dakshin Dinajpur","apiName":"dakshin_dinajpur"},{"type":"d","state":"karnataka","statecode":"KA","c19oName":"Dakshina Kannada","apiName":"dakshina_kannada"},{"type":"d","state":"daman_and_diu","statecode":"DD","c19oName":"Daman","apiName":"daman"},{"type":"d","state":"madhya_pradesh","statecode":"MP","c19oName":"Damoh","apiName":"damoh"},{"type":"d","state":"gujarat","statecode":"GJ","c19oName":"Dang","apiName":"the_dangs"},{"type":"d","state":"bihar","statecode":"BR","c19oName":"Darbhanga","apiName":"darbhanga"},{"type":"d","state":"west_bengal","statecode":"WB","c19oName":"Darjeeling","apiName":"darjiling"},{"type":"d","state":"assam","statecode":"AS","c19oName":"Darrang","apiName":"darrang"},{"type":"d","state":"madhya_pradesh","statecode":"MP","c19oName":"Datia","apiName":"datia"},{"type":"d","state":"rajasthan","statecode":"RJ","c19oName":"Dausa","apiName":"dausa"},{"type":"d","state":"karnataka","statecode":"KA","c19oName":"Davanagere","apiName":"davanagere"},{"type":"d","state":"odisha","statecode":"OR","c19oName":"Dehradun","apiName":"debagarh"},{"type":"u","state":"nct_of_delhi","statecode":"DL","c19oName":"Delhi","apiName":"nct_of_delhi"},{"type":"d","state":"uttarakhand","statecode":"UT","c19oName":"Deogarh","apiName":"dehradun"},{"type":"d","state":"jharkhand","statecode":"JH","c19oName":"Deoghar","apiName":"deoghar"},{"type":"d","state":"uttar_pradesh","statecode":"UP","c19oName":"Deoria","apiName":"deoria"},{"type":"d","state":"gujarat","statecode":"GJ","c19oName":"Devbhumi Dwarka","apiName":"devbhumi_dwarka"},{"type":"d","state":"madhya_pradesh","statecode":"MP","c19oName":"Dewas","apiName":"dewas"},{"type":"d","state":"tripura","statecode":"TR","c19oName":"Dhalai","apiName":"dhalai"},{"type":"d","state":"chhattisgarh","statecode":"CT","c19oName":"Dhamtari","apiName":"dhamtari"},{"type":"d","state":"jharkhand","statecode":"JH","c19oName":"Dhanbad","apiName":"dhanbad"},{"type":"d","state":"madhya_pradesh","statecode":"MP","c19oName":"Dhar","apiName":"dhar"},{"type":"d","state":"tamil_nadu","statecode":"TN","c19oName":"Dharmapuri","apiName":"dharmapuri"},{"type":"d","state":"karnataka","statecode":"KA","c19oName":"Dharwad","apiName":"dharwad"},{"type":"d","state":"rajasthan","statecode":"RJ","c19oName":"Dhemaji","apiName":"dhaulpur"},{"type":"d","state":"assam","statecode":"AS","c19oName":"Dhenkanal","apiName":"dhemaji"},{"type":"d","state":"odisha","statecode":"OR","c19oName":"Dholpur","apiName":"dhenkanal"},{"type":"d","state":"assam","statecode":"AS","c19oName":"Dhubri","apiName":"dhubri"},{"type":"d","state":"maharashtra","statecode":"MH","c19oName":"Dhule","apiName":"dhule"},{"type":"d","state":"assam","statecode":"AS","c19oName":"Dibrugarh","apiName":"dibrugarh"},{"type":"d","state":"assam","statecode":"AS","c19oName":"Dima Hasao","apiName":"dima_hasao"},{"type":"d","state":"nagaland","statecode":"NL","c19oName":"Dimapur","apiName":"dimapur"},{"type":"d","state":"tamil_nadu","statecode":"TN","c19oName":"Dindigul","apiName":"dindigul"},{"type":"d","state":"madhya_pradesh","statecode":"MP","c19oName":"Dindori","apiName":"dindori"},{"type":"d","state":"daman_and_diu","statecode":"DD","c19oName":"Diu","apiName":"diu"},{"type":"d","state":"jammu_and_kashmir","statecode":"JK","c19oName":"Doda","apiName":"doda"},{"type":"d","state":"jharkhand","statecode":"JH","c19oName":"Dumka","apiName":"dumka"},{"type":"d","state":"rajasthan","statecode":"RJ","c19oName":"Dungarpur","apiName":"dungarpur"},{"type":"d","state":"chhattisgarh","statecode":"CT","c19oName":"Durg","apiName":"durg"},{"type":"d","state":"bihar","statecode":"BR","c19oName":"East Champaran","apiName":"purba_champaran"},{"type":"d","state":"nct_of_delhi","statecode":"DL","c19oName":"East Delhi","apiName":"west"},{"type":"d","state":"meghalaya","statecode":"ML","c19oName":"East Garo Hills","apiName":"east_garo_hills"},{"type":"d","state":"andhra_pradesh","statecode":"AD","c19oName":"East Godavari","apiName":"east_godavari"},{"type":"d","state":"meghalaya","statecode":"ML","c19oName":"East Jaintia Hills","apiName":"jaintia_hills"},{"type":"d","state":"arunachal_pradesh","statecode":"AR","c19oName":"East Kameng","apiName":"east_kameng"},{"type":"d","state":"meghalaya","statecode":"ML","c19oName":"East Khasi Hills","apiName":"east_khasi_hills"},{"type":"d","state":"arunachal_pradesh","statecode":"AR","c19oName":"East Siang","apiName":"east_siang"},{"type":"d","state":"sikkim","statecode":"SK","c19oName":"East Sikkim","apiName":"east_sikkim"},{"type":"d","state":"jharkhand","statecode":"JH","c19oName":"East Singhbhum","apiName":"purbi_singhbhum"},{"type":"d","state":"kerala","statecode":"KL","c19oName":"Ernakulam","apiName":"ernakulam"},{"type":"d","state":"tamil_nadu","statecode":"TN","c19oName":"Erode","apiName":"erode"},{"type":"d","state":"uttar_pradesh","statecode":"UP","c19oName":"Etah","apiName":"etah"},{"type":"d","state":"uttar_pradesh","statecode":"UP","c19oName":"Etawah","apiName":"etawah"},{"type":"d","state":"haryana","statecode":"HR","c19oName":"Faridabad","apiName":"faridabad"},{"type":"d","state":"punjab","statecode":"PB","c19oName":"Faridkot","apiName":"faridkot"},{"type":"d","state":"uttar_pradesh","statecode":"UP","c19oName":"Farrukhabad","apiName":"farrukhabad"},{"type":"d","state":"haryana","statecode":"HR","c19oName":"Fatehabad","apiName":"fatehabad"},{"type":"d","state":"punjab","statecode":"PB","c19oName":"Fatehgarh Sahib","apiName":"fatehgarh_sahib"},{"type":"d","state":"uttar_pradesh","statecode":"UP","c19oName":"Fatehpur","apiName":"fatehpur"},{"type":"d","state":"punjab","statecode":"PB","c19oName":"Fazilka","apiName":"fazilka"},{"type":"d","state":"uttar_pradesh","statecode":"UP","c19oName":"Ferozepur","apiName":"firozabad"},{"type":"d","state":"punjab","statecode":"PB","c19oName":"Firozabad","apiName":"firozpur"},{"type":"d","state":"karnataka","statecode":"KA","c19oName":"Gadag","apiName":"gadag"},{"type":"d","state":"maharashtra","statecode":"MH","c19oName":"Gadchiroli","apiName":"garhchiroli"},{"type":"d","state":"odisha","statecode":"OR","c19oName":"Gajapati","apiName":"gajapati"},{"type":"d","state":"jammu_and_kashmir","statecode":"JK","c19oName":"Ganderbal","apiName":"ganderbal"},{"type":"d","state":"gujarat","statecode":"GJ","c19oName":"Gandhinagar","apiName":"gandhinagar"},{"type":"d","state":"rajasthan","statecode":"RJ","c19oName":"Ganganagar","apiName":"ganganagar"},{"type":"d","state":"odisha","statecode":"OR","c19oName":"Ganjam","apiName":"ganjam"},{"type":"d","state":"jharkhand","statecode":"JH","c19oName":"Garhwa","apiName":"garhwa"},{"type":"d","state":"chhattisgarh","statecode":"CT","c19oName":"Gariaband","apiName":"gariaband"},{"type":"d","state":"uttar_pradesh","statecode":"UP","c19oName":"Gautam Buddha Nagar","apiName":"gautam_buddha_nagar"},{"type":"d","state":"bihar","statecode":"BR","c19oName":"Gaya","apiName":"gaya"},{"type":"d","state":"uttar_pradesh","statecode":"UP","c19oName":"Ghaziabad","apiName":"ghaziabad"},{"type":"d","state":"uttar_pradesh","statecode":"UP","c19oName":"Ghazipur","apiName":"ghazipur"},{"type":"d","state":"gujarat","statecode":"GJ","c19oName":"Gir Somnath","apiName":"gir_somnath"},{"type":"d","state":"jharkhand","statecode":"JH","c19oName":"Giridih","apiName":"giridih"},{"type":"s","state":"goa","statecode":"GA","c19oName":"Goa","apiName":"goa"},{"type":"d","state":"assam","statecode":"AS","c19oName":"Goalpara","apiName":"goalpara"},{"type":"d","state":"jharkhand","statecode":"JH","c19oName":"Godda","apiName":"godda"},{"type":"d","state":"assam","statecode":"AS","c19oName":"Golaghat","apiName":"golaghat"},{"type":"d","state":"tripura","statecode":"TR","c19oName":"Gomati","apiName":"gomati"},{"type":"d","state":"uttar_pradesh","statecode":"UP","c19oName":"Gonda","apiName":"gonda"},{"type":"d","state":"maharashtra","statecode":"MH","c19oName":"Gondia","apiName":"gondiya"},{"type":"d","state":"bihar","statecode":"BR","c19oName":"Gopalganj","apiName":"gopalganj"},{"type":"d","state":"uttar_pradesh","statecode":"UP","c19oName":"Gorakhpur","apiName":"gorakhpur"},{"type":"s","state":"gujarat","statecode":"GJ","c19oName":"Gujarat","apiName":"gujarat"},{"type":"d","state":"jharkhand","statecode":"JH","c19oName":"Gumla","apiName":"gumla"},{"type":"d","state":"madhya_pradesh","statecode":"MP","c19oName":"Guna","apiName":"guna"},{"type":"d","state":"andhra_pradesh","statecode":"AD","c19oName":"Guntur","apiName":"guntur"},{"type":"d","state":"punjab","statecode":"PB","c19oName":"Gurdaspur","apiName":"gurdaspur"},{"type":"d","state":"haryana","statecode":"HR","c19oName":"Gurugram","apiName":"gurgaon"},{"type":"d","state":"madhya_pradesh","statecode":"MP","c19oName":"Gwalior","apiName":"gwalior"},{"type":"d","state":"assam","statecode":"AS","c19oName":"Hailakandi","apiName":"hailakandi"},{"type":"d","state":"himachal_pradesh","statecode":"HP","c19oName":"Hamirpur","apiName":"hamirpur"},{"type":"d","state":"uttar_pradesh","statecode":"UP","c19oName":"Hamirpur","apiName":"hamirpurup"},{"type":"d","state":"rajasthan","statecode":"RJ","c19oName":"Hanumangarh","apiName":"hanumangarh"},{"type":"d","state":"uttar_pradesh","statecode":"UP","c19oName":"Hapur","apiName":"hapur"},{"type":"d","state":"madhya_pradesh","statecode":"MP","c19oName":"Harda","apiName":"harda"},{"type":"d","state":"uttar_pradesh","statecode":"UP","c19oName":"Hardoi","apiName":"hardoi"},{"type":"d","state":"uttarakhand","statecode":"UT","c19oName":"Haridwar","apiName":"hardwar"},{"type":"s","state":"haryana","statecode":"HR","c19oName":"Haryana","apiName":"haryana"},{"type":"d","state":"karnataka","statecode":"KA","c19oName":"Hassan","apiName":"hassan"},{"type":"d","state":"uttar_pradesh","statecode":"UP","c19oName":"Hathras","apiName":"hathras"},{"type":"d","state":"karnataka","statecode":"KA","c19oName":"Haveri","apiName":"haveri"},{"type":"d","state":"jharkhand","statecode":"JH","c19oName":"Hazaribagh","apiName":"hazaribagh"},{"type":"s","state":"himachal_pradesh","statecode":"HP","c19oName":"Himachal Pradesh","apiName":"himachal_pradesh"},{"type":"d","state":"maharashtra","statecode":"MH","c19oName":"Hingoli","apiName":"hingoli"},{"type":"d","state":"haryana","statecode":"HR","c19oName":"Hisar","apiName":"hisar"},{"type":"d","state":"mizoram","statecode":"MZ","c19oName":"Hnahthial","apiName":"lunglei"},{"type":"d","state":"assam","statecode":"AS","c19oName":"Hojai","apiName":"nagaon"},{"type":"d","state":"west_bengal","statecode":"WB","c19oName":"Hooghly","apiName":"hugli"},{"type":"d","state":"madhya_pradesh","statecode":"MP","c19oName":"Hoshangabad","apiName":"hoshangabad"},{"type":"d","state":"punjab","statecode":"PB","c19oName":"Hoshiarpur","apiName":"hoshiarpur"},{"type":"d","state":"west_bengal","statecode":"WB","c19oName":"Howrah","apiName":"haora"},{"type":"d","state":"telangana","statecode":"TG","c19oName":"Hyderabad","apiName":"hyderabad"},{"type":"d","state":"kerala","statecode":"KL","c19oName":"Idukki","apiName":"idukki"},{"type":"d","state":"manipur","statecode":"MN","c19oName":"Imphal East","apiName":"imphal_east"},{"type":"d","state":"manipur","statecode":"MN","c19oName":"Imphal West","apiName":"imphal_west"},{"type":"d","state":"madhya_pradesh","statecode":"MP","c19oName":"Indore","apiName":"indore"},{"type":"d","state":"madhya_pradesh","statecode":"MP","c19oName":"Jabalpur","apiName":"jabalpur"},{"type":"d","state":"odisha","statecode":"OR","c19oName":"Jagatsinghpur","apiName":"jagatsinghapur"},{"type":"d","state":"telangana","statecode":"TG","c19oName":"Jagtial","apiName":"jagtial"},{"type":"d","state":"rajasthan","statecode":"RJ","c19oName":"Jaipur","apiName":"jaipur"},{"type":"d","state":"rajasthan","statecode":"RJ","c19oName":"Jaisalmer","apiName":"jaisalmer"},{"type":"d","state":"odisha","statecode":"OR","c19oName":"Jajpur","apiName":"jajapur"},{"type":"d","state":"punjab","statecode":"PB","c19oName":"Jalandhar","apiName":"jalandhar"},{"type":"d","state":"uttar_pradesh","statecode":"UP","c19oName":"Jalaun","apiName":"jalaun"},{"type":"d","state":"maharashtra","statecode":"MH","c19oName":"Jalgaon","apiName":"jalgaon"},{"type":"d","state":"maharashtra","statecode":"MH","c19oName":"Jalna","apiName":"jalna"},{"type":"d","state":"rajasthan","statecode":"RJ","c19oName":"Jalore","apiName":"jalor"},{"type":"d","state":"west_bengal","statecode":"WB","c19oName":"Jalpaiguri","apiName":"jalpaiguri"},{"type":"d","state":"jammu_and_kashmir","statecode":"JK","c19oName":"Jammu","apiName":"jammu"},{"type":"u","state":"jammu_and_kashmir","statecode":"JK","c19oName":"Jammu and Kashmir","apiName":"jammu_and_kashmir"},{"type":"d","state":"gujarat","statecode":"GJ","c19oName":"Jamnagar","apiName":"jamnagar"},{"type":"d","state":"jharkhand","statecode":"JH","c19oName":"Jamtara","apiName":"jamtara"},{"type":"d","state":"bihar","statecode":"BR","c19oName":"Jamui","apiName":"jamui"},{"type":"d","state":"telangana","statecode":"TG","c19oName":"Jangaon","apiName":"jangoan"},{"type":"d","state":"chhattisgarh","statecode":"CT","c19oName":"Janjgir Champa","apiName":"janjgir-champa"},{"type":"d","state":"chhattisgarh","statecode":"CT","c19oName":"Jashpur","apiName":"jashpur"},{"type":"d","state":"uttar_pradesh","statecode":"UP","c19oName":"Jaunpur","apiName":"jaunpur"},{"type":"d","state":"telangana","statecode":"TG","c19oName":"Jayashankar Bhupalapally","apiName":"jayashankar_bhupalpally"},{"type":"d","state":"bihar","statecode":"BR","c19oName":"Jehanabad","apiName":"jehanabad"},{"type":"d","state":"madhya_pradesh","statecode":"MP","c19oName":"Jhabua","apiName":"jhabua"},{"type":"d","state":"haryana","statecode":"HR","c19oName":"Jhajjar","apiName":"jhajjar"},{"type":"d","state":"rajasthan","statecode":"RJ","c19oName":"Jhalawar","apiName":"jhalawar"},{"type":"d","state":"uttar_pradesh","statecode":"UP","c19oName":"Jhansi","apiName":"jhansi"},{"type":"d","state":"west_bengal","statecode":"WB","c19oName":"Jhargram","apiName":"pashchim_medinipur"},{"type":"s","state":"jharkhand","statecode":"JH","c19oName":"Jharkhand","apiName":"jharkhand"},{"type":"d","state":"odisha","statecode":"OR","c19oName":"Jharsuguda","apiName":"jharsuguda"},{"type":"d","state":"rajasthan","statecode":"RJ","c19oName":"Jhunjhunu","apiName":"jhunjhunun"},{"type":"d","state":"haryana","statecode":"HR","c19oName":"Jind","apiName":"jind"},{"type":"d","state":"manipur","statecode":"MN","c19oName":"Jiribam","apiName":"imphal_east"},{"type":"d","state":"rajasthan","statecode":"RJ","c19oName":"Jodhpur","apiName":"jodhpur"},{"type":"d","state":"telangana","statecode":"TG","c19oName":"Jogulamba Gadwal","apiName":"jogulamba_gadwal"},{"type":"d","state":"assam","statecode":"AS","c19oName":"Jorhat","apiName":"jorhat"},{"type":"d","state":"gujarat","statecode":"GJ","c19oName":"Junagadh","apiName":"junagadh"},{"type":"d","state":"chhattisgarh","statecode":"CT","c19oName":"Kabeerdham","apiName":"kabeerdham"},{"type":"d","state":"bihar","statecode":"BR","c19oName":"Kaimur","apiName":"kaimur"},{"type":"d","state":"haryana","statecode":"HR","c19oName":"Kaithal","apiName":"kaithal"},{"type":"d","state":"manipur","statecode":"MN","c19oName":"Kakching","apiName":"thoubal"},{"type":"d","state":"karnataka","statecode":"KA","c19oName":"Kalaburagi","apiName":"gulbarga"},{"type":"d","state":"odisha","statecode":"OR","c19oName":"Kalahandi","apiName":"kalahandi"},{"type":"d","state":"west_bengal","statecode":"WB","c19oName":"Kalimpong","apiName":"darjiling"},{"type":"d","state":"tamil_nadu","statecode":"TN","c19oName":"Kallakurichi","apiName":"viluppuram"},{"type":"d","state":"telangana","statecode":"TG","c19oName":"Kamareddy","apiName":"kamareddy"},{"type":"d","state":"manipur","statecode":"MN","c19oName":"Kamjong","apiName":"ukhrul"},{"type":"d","state":"arunachal_pradesh","statecode":"AR","c19oName":"Kamle","apiName":"lower_subansiri"},{"type":"d","state":"assam","statecode":"AS","c19oName":"Kamrup","apiName":"kamrup"},{"type":"d","state":"assam","statecode":"AS","c19oName":"Kamrup Metropolitan","apiName":"kamrup_metropolitan"},{"type":"d","state":"tamil_nadu","statecode":"TN","c19oName":"Kancheepuram","apiName":"kancheepuram"},{"type":"d","state":"odisha","statecode":"OR","c19oName":"Kandhamal","apiName":"kandhamal"},{"type":"d","state":"manipur","statecode":"MN","c19oName":"Kangpokpi","apiName":"senapati"},{"type":"d","state":"himachal_pradesh","statecode":"HP","c19oName":"Kangra","apiName":"kangra"},{"type":"d","state":"uttar_pradesh","statecode":"UP","c19oName":"Kannauj","apiName":"kannauj"},{"type":"d","state":"kerala","statecode":"KL","c19oName":"Kannur","apiName":"kannur"},{"type":"d","state":"uttar_pradesh","statecode":"UP","c19oName":"Kanpur Dehat","apiName":"kanpur_dehat"},{"type":"d","state":"uttar_pradesh","statecode":"UP","c19oName":"Kanpur Nagar","apiName":"kanpur_nagar"},{"type":"d","state":"tamil_nadu","statecode":"TN","c19oName":"Kanyakumari","apiName":"kanniyakumari"},{"type":"d","state":"punjab","statecode":"PB","c19oName":"Kapurthala","apiName":"kapurthala"},{"type":"d","state":"puducherry","statecode":"PY","c19oName":"Karaikal","apiName":"karaikal"},{"type":"d","state":"rajasthan","statecode":"RJ","c19oName":"Karauli","apiName":"karauli"},{"type":"d","state":"assam","statecode":"AS","c19oName":"Karbi Anglong","apiName":"karbi_anglong"},{"type":"d","state":"ladakh","statecode":"LA","c19oName":"Kargil","apiName":"kargil"},{"type":"d","state":"assam","statecode":"AS","c19oName":"Karimganj","apiName":"karimganj"},{"type":"d","state":"telangana","statecode":"TG","c19oName":"Karimnagar","apiName":"karimnagar"},{"type":"d","state":"haryana","statecode":"HR","c19oName":"Karnal","apiName":"karnal"},{"type":"s","state":"karnataka","statecode":"KA","c19oName":"Karnataka","apiName":"karnataka"},{"type":"d","state":"tamil_nadu","statecode":"TN","c19oName":"Karur","apiName":"karur"},{"type":"d","state":"kerala","statecode":"KL","c19oName":"Kasaragod","apiName":"kasaragod"},{"type":"d","state":"uttar_pradesh","statecode":"UP","c19oName":"Kasganj","apiName":"kasganj"},{"type":"d","state":"jammu_and_kashmir","statecode":"JK","c19oName":"Kathua","apiName":"kathua"},{"type":"d","state":"bihar","statecode":"BR","c19oName":"Katihar","apiName":"katihar"},{"type":"d","state":"madhya_pradesh","statecode":"MP","c19oName":"Katni","apiName":"katni"},{"type":"d","state":"uttar_pradesh","statecode":"UP","c19oName":"Kaushambi","apiName":"kaushambi"},{"type":"d","state":"odisha","statecode":"OR","c19oName":"Kendrapara","apiName":"kendrapara"},{"type":"d","state":"odisha","statecode":"OR","c19oName":"Kendujhar","apiName":"kendujhar"},{"type":"s","state":"kerala","statecode":"KL","c19oName":"Kerala","apiName":"kerala"},{"type":"d","state":"bihar","statecode":"BR","c19oName":"Khagaria","apiName":"khagaria"},{"type":"d","state":"telangana","statecode":"TG","c19oName":"Khammam","apiName":"khammam"},{"type":"d","state":"madhya_pradesh","statecode":"MP","c19oName":"Khandwa","apiName":"east_nimar"},{"type":"d","state":"madhya_pradesh","statecode":"MP","c19oName":"Khargone","apiName":"west_nimar"},{"type":"d","state":"mizoram","statecode":"MZ","c19oName":"Khawzawl","apiName":"champhai"},{"type":"d","state":"gujarat","statecode":"GJ","c19oName":"Kheda","apiName":"kheda"},{"type":"d","state":"odisha","statecode":"OR","c19oName":"Khordha","apiName":"khordha"},{"type":"d","state":"tripura","statecode":"TR","c19oName":"Khowai","apiName":"khowai"},{"type":"d","state":"jharkhand","statecode":"JH","c19oName":"Khunti","apiName":"khunti"},{"type":"d","state":"himachal_pradesh","statecode":"HP","c19oName":"Kinnaur","apiName":"kinnaur"},{"type":"d","state":"nagaland","statecode":"NL","c19oName":"Kiphire","apiName":"kiphire"},{"type":"d","state":"bihar","statecode":"BR","c19oName":"Kishanganj","apiName":"kishanganj"},{"type":"d","state":"jammu_and_kashmir","statecode":"JK","c19oName":"Kishtwar","apiName":"kishtwar"},{"type":"d","state":"karnataka","statecode":"KA","c19oName":"Kodagu","apiName":"kodagu"},{"type":"d","state":"jharkhand","statecode":"JH","c19oName":"Koderma","apiName":"kodarma"},{"type":"d","state":"nagaland","statecode":"NL","c19oName":"Kohima","apiName":"kohima"},{"type":"d","state":"assam","statecode":"AS","c19oName":"Kokrajhar","apiName":"kokrajhar"},{"type":"d","state":"karnataka","statecode":"KA","c19oName":"Kolar","apiName":"kolar"},{"type":"d","state":"mizoram","statecode":"MZ","c19oName":"Kolasib","apiName":"kolasib"},{"type":"d","state":"maharashtra","statecode":"MH","c19oName":"Kolhapur","apiName":"kolhapur"},{"type":"d","state":"west_bengal","statecode":"WB","c19oName":"Kolkata","apiName":"kolkata"},{"type":"d","state":"kerala","statecode":"KL","c19oName":"Kollam","apiName":"kollam"},{"type":"d","state":"telangana","statecode":"TG","c19oName":"Komaram Bheem","apiName":"kumurambheem_asifabad"},{"type":"d","state":"chhattisgarh","statecode":"CT","c19oName":"Kondagaon","apiName":"kondagaon"},{"type":"d","state":"karnataka","statecode":"KA","c19oName":"Koppal","apiName":"koppal"},{"type":"d","state":"odisha","statecode":"OR","c19oName":"Koraput","apiName":"koraput"},{"type":"d","state":"chhattisgarh","statecode":"CT","c19oName":"Korba","apiName":"korba"},{"type":"d","state":"chhattisgarh","statecode":"CT","c19oName":"Koriya","apiName":"koriya"},{"type":"d","state":"rajasthan","statecode":"RJ","c19oName":"Kota","apiName":"kota"},{"type":"d","state":"kerala","statecode":"KL","c19oName":"Kottayam","apiName":"kottayam"},{"type":"d","state":"kerala","statecode":"KL","c19oName":"Kozhikode","apiName":"kozhikode"},{"type":"d","state":"arunachal_pradesh","statecode":"AR","c19oName":"Kra Daadi","apiName":"kurung_kumey"},{"type":"d","state":"andhra_pradesh","statecode":"AD","c19oName":"Krishna","apiName":"krishna"},{"type":"d","state":"tamil_nadu","statecode":"TN","c19oName":"Krishnagiri","apiName":"krishnagiri"},{"type":"d","state":"jammu_and_kashmir","statecode":"JK","c19oName":"Kulgam","apiName":"kulgam"},{"type":"d","state":"himachal_pradesh","statecode":"HP","c19oName":"Kullu","apiName":"kullu"},{"type":"d","state":"jammu_and_kashmir","statecode":"JK","c19oName":"Kupwara","apiName":"kupwara"},{"type":"d","state":"andhra_pradesh","statecode":"AD","c19oName":"Kurnool","apiName":"kurnool"},{"type":"d","state":"haryana","statecode":"HR","c19oName":"Kurukshetra","apiName":"kurukshetra"},{"type":"d","state":"arunachal_pradesh","statecode":"AR","c19oName":"Kurung Kumey","apiName":"kurung_kumey"},{"type":"d","state":"uttar_pradesh","statecode":"UP","c19oName":"Kushinagar","apiName":"kushinagar"},{"type":"d","state":"gujarat","statecode":"GJ","c19oName":"Kutch","apiName":"kachchh"},{"type":"u","state":"ladakh","statecode":"LA","c19oName":"Ladakh","apiName":"ladakh"},{"type":"d","state":"himachal_pradesh","statecode":"HP","c19oName":"Lahaul and Spiti","apiName":"lahul_and_spiti"},{"type":"d","state":"assam","statecode":"AS","c19oName":"Lakhimpur","apiName":"lakhimpur"},{"type":"d","state":"uttar_pradesh","statecode":"UP","c19oName":"Lakhimpur Kheri","apiName":"lakhimpur_kheri"},{"type":"d","state":"bihar","statecode":"BR","c19oName":"Lakhisarai","apiName":"lakhisarai"},{"type":"d","state":"lakshadweep","statecode":"LD","c19oName":"Lakshadweep","apiName":"lakshadweep"},{"type":"u","state":"lakshadweep","statecode":"LD","c19oName":"Lakshadweep","apiName":"lakshadweep"},{"type":"d","state":"uttar_pradesh","statecode":"UP","c19oName":"Lalitpur","apiName":"lalitpur"},{"type":"d","state":"jharkhand","statecode":"JH","c19oName":"Latehar","apiName":"latehar"},{"type":"d","state":"maharashtra","statecode":"MH","c19oName":"Latur","apiName":"latur"},{"type":"d","state":"mizoram","statecode":"MZ","c19oName":"Lawngtlai","apiName":"lawangtlai"},{"type":"d","state":"ladakh","statecode":"LA","c19oName":"Leh","apiName":"leh"},{"type":"d","state":"arunachal_pradesh","statecode":"AR","c19oName":"Lepa Rada","apiName":"west_siang"},{"type":"d","state":"jharkhand","statecode":"JH","c19oName":"Lohardaga","apiName":"lohardaga"},{"type":"d","state":"arunachal_pradesh","statecode":"AR","c19oName":"Lohit","apiName":"lohit"},{"type":"d","state":"arunachal_pradesh","statecode":"AR","c19oName":"Longding","apiName":"longding"},{"type":"d","state":"nagaland","statecode":"NL","c19oName":"Longleng","apiName":"longleng"},{"type":"d","state":"arunachal_pradesh","statecode":"AR","c19oName":"Lower Dibang Valley","apiName":"lower_dibang_valley"},{"type":"d","state":"arunachal_pradesh","statecode":"AR","c19oName":"Lower Siang","apiName":"west_siang"},{"type":"d","state":"arunachal_pradesh","statecode":"AR","c19oName":"Lower Subansiri","apiName":"lower_subansiri"},{"type":"d","state":"uttar_pradesh","statecode":"UP","c19oName":"Lucknow","apiName":"lucknow"},{"type":"d","state":"punjab","statecode":"PB","c19oName":"Ludhiana","apiName":"ludhiana"},{"type":"d","state":"mizoram","statecode":"MZ","c19oName":"Lunglei","apiName":"lunglei"},{"type":"d","state":"bihar","statecode":"BR","c19oName":"Madhepura","apiName":"madhepura"},{"type":"d","state":"bihar","statecode":"BR","c19oName":"Madhubani","apiName":"madhubani"},{"type":"s","state":"madhya_pradesh","statecode":"MP","c19oName":"Madhya Pradesh","apiName":"madhya_pradesh"},{"type":"d","state":"tamil_nadu","statecode":"TN","c19oName":"Madurai","apiName":"madurai"},{"type":"d","state":"telangana","statecode":"TG","c19oName":"Mahabubabad","apiName":"mahabubabad"},{"type":"d","state":"uttar_pradesh","statecode":"UP","c19oName":"Maharajganj","apiName":"maharajganj"},{"type":"s","state":"maharashtra","statecode":"MH","c19oName":"Maharashtra","apiName":"maharashtra"},{"type":"d","state":"chhattisgarh","statecode":"CT","c19oName":"Mahasamund","apiName":"mahasamund"},{"type":"d","state":"puducherry","statecode":"PY","c19oName":"Mahe","apiName":"mahe"},{"type":"d","state":"haryana","statecode":"HR","c19oName":"Mahendragarh","apiName":"mahendragarh"},{"type":"d","state":"gujarat","statecode":"GJ","c19oName":"Mahisagar","apiName":"mahisagar"},{"type":"d","state":"uttar_pradesh","statecode":"UP","c19oName":"Mahoba","apiName":"mahoba"},{"type":"d","state":"uttar_pradesh","statecode":"UP","c19oName":"Mainpuri","apiName":"mainpuri"},{"type":"d","state":"assam","statecode":"AS","c19oName":"Majuli","apiName":"jorhat"},{"type":"d","state":"kerala","statecode":"KL","c19oName":"Malappuram","apiName":"malappuram"},{"type":"d","state":"west_bengal","statecode":"WB","c19oName":"Malda","apiName":"maldah"},{"type":"d","state":"odisha","statecode":"OR","c19oName":"Malkangiri","apiName":"malkangiri"},{"type":"d","state":"mizoram","statecode":"MZ","c19oName":"Mamit","apiName":"mamit"},{"type":"d","state":"telangana","statecode":"TG","c19oName":"Mancherial","apiName":"mancherial"},{"type":"d","state":"himachal_pradesh","statecode":"HP","c19oName":"Mandi","apiName":"mandi"},{"type":"d","state":"madhya_pradesh","statecode":"MP","c19oName":"Mandla","apiName":"mandla"},{"type":"d","state":"madhya_pradesh","statecode":"MP","c19oName":"Mandsaur","apiName":"mandsaur"},{"type":"d","state":"karnataka","statecode":"KA","c19oName":"Mandya","apiName":"mandya"},{"type":"s","state":"manipur","statecode":"MN","c19oName":"Manipur","apiName":"manipur"},{"type":"d","state":"punjab","statecode":"PB","c19oName":"Mansa","apiName":"mansa"},{"type":"d","state":"uttar_pradesh","statecode":"UP","c19oName":"Mathura","apiName":"mathura"},{"type":"d","state":"uttar_pradesh","statecode":"UP","c19oName":"Mau","apiName":"mau"},{"type":"d","state":"odisha","statecode":"OR","c19oName":"Mayurbhanj","apiName":"mayurbhanj"},{"type":"d","state":"telangana","statecode":"TG","c19oName":"Medak","apiName":"medak"},{"type":"d","state":"telangana","statecode":"TG","c19oName":"Medchal Malkajgiri","apiName":"medchal_malkajgiri"},{"type":"d","state":"uttar_pradesh","statecode":"UP","c19oName":"Meerut","apiName":"meerut"},{"type":"s","state":"meghalaya","statecode":"ML","c19oName":"Meghalaya","apiName":"meghalaya"},{"type":"d","state":"gujarat","statecode":"GJ","c19oName":"Mehsana","apiName":"mahesana"},{"type":"d","state":"jammu_and_kashmir","statecode":"JK","c19oName":"Mirpur","apiName":"mirpur"},{"type":"d","state":"uttar_pradesh","statecode":"UP","c19oName":"Mirzapur","apiName":"mirzapur"},{"type":"s","state":"mizoram","statecode":"MZ","c19oName":"Mizoram","apiName":"mizoram"},{"type":"d","state":"punjab","statecode":"PB","c19oName":"Moga","apiName":"moga"},{"type":"d","state":"nagaland","statecode":"NL","c19oName":"Mokokchung","apiName":"mokokchung"},{"type":"d","state":"nagaland","statecode":"NL","c19oName":"Mon","apiName":"mon"},{"type":"d","state":"uttar_pradesh","statecode":"UP","c19oName":"Moradabad","apiName":"moradabad"},{"type":"d","state":"gujarat","statecode":"GJ","c19oName":"Morbi","apiName":"morbi"},{"type":"d","state":"madhya_pradesh","statecode":"MP","c19oName":"Morena","apiName":"morena"},{"type":"d","state":"assam","statecode":"AS","c19oName":"Morigaon","apiName":"morigaon"},{"type":"d","state":"telangana","statecode":"TG","c19oName":"Mulugu","apiName":"mulugu"},{"type":"d","state":"maharashtra","statecode":"MH","c19oName":"Mumbai","apiName":"mumbai_city"},{"type":"d","state":"maharashtra","statecode":"MH","c19oName":"Mumbai Suburban","apiName":"mumbai_suburban"},{"type":"d","state":"chhattisgarh","statecode":"CT","c19oName":"Mungeli","apiName":"mungeli"},{"type":"d","state":"bihar","statecode":"BR","c19oName":"Munger","apiName":"munger"},{"type":"d","state":"west_bengal","statecode":"WB","c19oName":"Murshidabad","apiName":"murshidabad"},{"type":"d","state":"jammu_and_kashmir","statecode":"JK","c19oName":"Muzaffarabad","apiName":"muzaffarabad"},{"type":"d","state":"uttar_pradesh","statecode":"UP","c19oName":"Muzaffarnagar","apiName":"muzaffarnagar"},{"type":"d","state":"bihar","statecode":"BR","c19oName":"Muzaffarpur","apiName":"muzaffarpur"},{"type":"d","state":"karnataka","statecode":"KA","c19oName":"Mysuru","apiName":"mysore"},{"type":"d","state":"odisha","statecode":"OR","c19oName":"Nabarangapur","apiName":"nabarangapur"},{"type":"d","state":"west_bengal","statecode":"WB","c19oName":"Nadia","apiName":"nadia"},{"type":"s","state":"nagaland","statecode":"NL","c19oName":"Nagaland","apiName":"nagaland"},{"type":"d","state":"assam","statecode":"AS","c19oName":"Nagaon","apiName":"nagaon"},{"type":"d","state":"tamil_nadu","statecode":"TN","c19oName":"Nagapattinam","apiName":"nagappattinam"},{"type":"d","state":"telangana","statecode":"TG","c19oName":"Nagarkurnool","apiName":"nagarkurnool"},{"type":"d","state":"rajasthan","statecode":"RJ","c19oName":"Nagaur","apiName":"nagaur"},{"type":"d","state":"maharashtra","statecode":"MH","c19oName":"Nagpur","apiName":"nagpur"},{"type":"d","state":"uttarakhand","statecode":"UT","c19oName":"Nainital","apiName":"nainital"},{"type":"d","state":"bihar","statecode":"BR","c19oName":"Nalanda","apiName":"nalanda"},{"type":"d","state":"assam","statecode":"AS","c19oName":"Nalbari","apiName":"nalbari"},{"type":"d","state":"telangana","statecode":"TG","c19oName":"Nalgonda","apiName":"nalgonda"},{"type":"d","state":"tamil_nadu","statecode":"TN","c19oName":"Namakkal","apiName":"namakkal"},{"type":"d","state":"arunachal_pradesh","statecode":"AR","c19oName":"Namsai","apiName":"namsai"},{"type":"d","state":"maharashtra","statecode":"MH","c19oName":"Nanded","apiName":"nanded"},{"type":"d","state":"maharashtra","statecode":"MH","c19oName":"Nandurbar","apiName":"nandurbar"},{"type":"d","state":"telangana","statecode":"TG","c19oName":"Narayanpet","apiName":"narayanpet"},{"type":"d","state":"chhattisgarh","statecode":"CT","c19oName":"Narayanpur","apiName":"narayanpur"},{"type":"d","state":"gujarat","statecode":"GJ","c19oName":"Narmada","apiName":"narmada"},{"type":"d","state":"madhya_pradesh","statecode":"MP","c19oName":"Narsinghpur","apiName":"narsimhapur"},{"type":"d","state":"maharashtra","statecode":"MH","c19oName":"Nashik","apiName":"nashik"},{"type":"d","state":"gujarat","statecode":"GJ","c19oName":"Navsari","apiName":"navsari"},{"type":"d","state":"bihar","statecode":"BR","c19oName":"Nawada","apiName":"nawada"},{"type":"d","state":"odisha","statecode":"OR","c19oName":"Nayagarh","apiName":"nayagarh"},{"type":"d","state":"madhya_pradesh","statecode":"MP","c19oName":"Neemuch","apiName":"neemuch"},{"type":"d","state":"nct_of_delhi","statecode":"DL","c19oName":"New Delhi","apiName":"west"},{"type":"d","state":"andaman_and_nicobar","statecode":"AN","c19oName":"Nicobars","apiName":"nicobar_islands"},{"type":"d","state":"tamil_nadu","statecode":"TN","c19oName":"Nilgiris","apiName":"the_nilgiris"},{"type":"d","state":"telangana","statecode":"TG","c19oName":"Nirmal","apiName":"nirmal"},{"type":"d","state":"madhya_pradesh","statecode":"MP","c19oName":"Niwari","apiName":"tikamgarh"},{"type":"d","state":"telangana","statecode":"TG","c19oName":"Nizamabad","apiName":"nizamabad"},{"type":"d","state":"manipur","statecode":"MN","c19oName":"Noney","apiName":"tamenglong"},{"type":"d","state":"west_bengal","statecode":"WB","c19oName":"North 24 Parganas","apiName":"north_24_parganas"},{"type":"d","state":"andaman_and_nicobar","statecode":"AN","c19oName":"North and Middle Andaman","apiName":"north_and_middle_andaman"},{"type":"d","state":"nct_of_delhi","statecode":"DL","c19oName":"North Delhi","apiName":"west"},{"type":"d","state":"nct_of_delhi","statecode":"DL","c19oName":"North East Delhi","apiName":"west"},{"type":"d","state":"meghalaya","statecode":"ML","c19oName":"North Garo Hills","apiName":"north_garo_hills"},{"type":"d","state":"goa","statecode":"GA","c19oName":"North Goa","apiName":"north_goa"},{"type":"d","state":"sikkim","statecode":"SK","c19oName":"North Sikkim","apiName":"north_sikkim"},{"type":"d","state":"tripura","statecode":"TR","c19oName":"North Tripura","apiName":"north_tripura"},{"type":"d","state":"nct_of_delhi","statecode":"DL","c19oName":"North West Delhi","apiName":"west"},{"type":"d","state":"odisha","statecode":"OR","c19oName":"Nuapada","apiName":"nuapada"},{"type":"d","state":"haryana","statecode":"HR","c19oName":"Nuh","apiName":"mewat"},{"type":"s","state":"odisha","statecode":"OR","c19oName":"Odisha","apiName":"odisha"},{"type":"d","state":"maharashtra","statecode":"MH","c19oName":"Osmanabad","apiName":"osmanabad"},{"type":"d","state":"arunachal_pradesh","statecode":"AR","c19oName":"Pakke Kessang","apiName":"east_kameng"},{"type":"d","state":"jharkhand","statecode":"JH","c19oName":"Pakur","apiName":"pakur"},{"type":"d","state":"kerala","statecode":"KL","c19oName":"Palakkad","apiName":"palakkad"},{"type":"d","state":"jharkhand","statecode":"JH","c19oName":"Palamu","apiName":"palamu"},{"type":"d","state":"maharashtra","statecode":"MH","c19oName":"Palghar","apiName":"palghar"},{"type":"d","state":"rajasthan","statecode":"RJ","c19oName":"Pali","apiName":"pali"},{"type":"d","state":"haryana","statecode":"HR","c19oName":"Palwal","apiName":"palwal"},{"type":"d","state":"haryana","statecode":"HR","c19oName":"Panchkula","apiName":"panchkula"},{"type":"d","state":"gujarat","statecode":"GJ","c19oName":"Panchmahal","apiName":"panch_mahals"},{"type":"d","state":"haryana","statecode":"HR","c19oName":"Panipat","apiName":"panipat"},{"type":"d","state":"madhya_pradesh","statecode":"MP","c19oName":"Panna","apiName":"panna"},{"type":"d","state":"arunachal_pradesh","statecode":"AR","c19oName":"Papum Pare","apiName":"papum_pare"},{"type":"d","state":"maharashtra","statecode":"MH","c19oName":"Parbhani","apiName":"parbhani"},{"type":"d","state":"west_bengal","statecode":"WB","c19oName":"Paschim Bardhaman","apiName":"barddhaman"},{"type":"d","state":"west_bengal","statecode":"WB","c19oName":"Paschim Medinipur","apiName":"pashchim_medinipur"},{"type":"d","state":"gujarat","statecode":"GJ","c19oName":"Patan","apiName":"patan"},{"type":"d","state":"kerala","statecode":"KL","c19oName":"Pathanamthitta","apiName":"pathanamthitta"},{"type":"d","state":"punjab","statecode":"PB","c19oName":"Pathankot","apiName":"pathankot"},{"type":"d","state":"punjab","statecode":"PB","c19oName":"Patiala","apiName":"patiala"},{"type":"d","state":"bihar","statecode":"BR","c19oName":"Patna","apiName":"patna"},{"type":"d","state":"uttarakhand","statecode":"UT","c19oName":"Pauri Garhwal","apiName":"garhwal"},{"type":"d","state":"telangana","statecode":"TG","c19oName":"Peddapalli","apiName":"peddapalli"},{"type":"d","state":"tamil_nadu","statecode":"TN","c19oName":"Perambalur","apiName":"perambalur"},{"type":"d","state":"nagaland","statecode":"NL","c19oName":"Peren","apiName":"peren"},{"type":"d","state":"nagaland","statecode":"NL","c19oName":"Phek","apiName":"phek"},{"type":"d","state":"manipur","statecode":"MN","c19oName":"Pherzawl","apiName":"churachandpur"},{"type":"d","state":"uttar_pradesh","statecode":"UP","c19oName":"Pilibhit","apiName":"pilibhit"},{"type":"d","state":"uttarakhand","statecode":"UT","c19oName":"Pithoragarh","apiName":"pithoragarh"},{"type":"d","state":"gujarat","statecode":"GJ","c19oName":"Porbandar","apiName":"porbandar"},{"type":"d","state":"andhra_pradesh","statecode":"AD","c19oName":"Prakasam","apiName":"prakasam"},{"type":"d","state":"rajasthan","statecode":"RJ","c19oName":"Pratapgarh","apiName":"pratapgarh"},{"type":"d","state":"uttar_pradesh","statecode":"UP","c19oName":"Pratapgarh","apiName":"pratapgarh"},{"type":"d","state":"uttar_pradesh","statecode":"UP","c19oName":"Prayagraj","apiName":"allahabad"},{"type":"d","state":"puducherry","statecode":"PY","c19oName":"Puducherry","apiName":"puducherry"},{"type":"u","state":"puducherry","statecode":"PY","c19oName":"Puducherry","apiName":"puducherry"},{"type":"d","state":"tamil_nadu","statecode":"TN","c19oName":"Pudukkottai","apiName":"pudukkottai"},{"type":"d","state":"jammu_and_kashmir","statecode":"JK","c19oName":"Pulwama","apiName":"pulwama"},{"type":"d","state":"jammu_and_kashmir","statecode":"JK","c19oName":"Punch","apiName":"poonch"},{"type":"d","state":"maharashtra","statecode":"MH","c19oName":"Pune","apiName":"pune"},{"type":"s","state":"punjab","statecode":"PB","c19oName":"Punjab","apiName":"punjab"},{"type":"d","state":"west_bengal","statecode":"WB","c19oName":"Purba Bardhaman","apiName":"barddhaman"},{"type":"d","state":"west_bengal","statecode":"WB","c19oName":"Purba Medinipur","apiName":"purba_medinipur"},{"type":"d","state":"odisha","statecode":"OR","c19oName":"Puri","apiName":"puri"},{"type":"d","state":"bihar","statecode":"BR","c19oName":"Purnia","apiName":"purnia"},{"type":"d","state":"west_bengal","statecode":"WB","c19oName":"Purulia","apiName":"puruliya"},{"type":"d","state":"uttar_pradesh","statecode":"UP","c19oName":"Rae Bareli","apiName":"rae_bareli"},{"type":"d","state":"karnataka","statecode":"KA","c19oName":"Raichur","apiName":"raichur"},{"type":"d","state":"maharashtra","statecode":"MH","c19oName":"Raigad","apiName":"raigad"},{"type":"d","state":"chhattisgarh","statecode":"CT","c19oName":"Raigarh","apiName":"raigarh"},{"type":"d","state":"chhattisgarh","statecode":"CT","c19oName":"Raipur","apiName":"raipur"},{"type":"d","state":"madhya_pradesh","statecode":"MP","c19oName":"Raisen","apiName":"raisen"},{"type":"d","state":"telangana","statecode":"TG","c19oName":"Rajanna Sircilla","apiName":"rajanna_sircilla"},{"type":"s","state":"rajasthan","statecode":"RJ","c19oName":"Rajasthan","apiName":"rajasthan"},{"type":"d","state":"madhya_pradesh","statecode":"MP","c19oName":"Rajgarh","apiName":"rajgarh"},{"type":"d","state":"gujarat","statecode":"GJ","c19oName":"Rajkot","apiName":"rajkot"},{"type":"d","state":"chhattisgarh","statecode":"CT","c19oName":"Rajnandgaon","apiName":"rajnandgaon"},{"type":"d","state":"jammu_and_kashmir","statecode":"JK","c19oName":"Rajouri","apiName":"rajouri"},{"type":"d","state":"rajasthan","statecode":"RJ","c19oName":"Rajsamand","apiName":"rajsamand"},{"type":"d","state":"karnataka","statecode":"KA","c19oName":"Ramanagara","apiName":"ramanagara"},{"type":"d","state":"tamil_nadu","statecode":"TN","c19oName":"Ramanathapuram","apiName":"ramanathapuram"},{"type":"d","state":"jammu_and_kashmir","statecode":"JK","c19oName":"Ramban","apiName":"ramban"},{"type":"d","state":"jharkhand","statecode":"JH","c19oName":"Ramgarh","apiName":"ramgarh"},{"type":"d","state":"uttar_pradesh","statecode":"UP","c19oName":"Rampur","apiName":"rampur"},{"type":"d","state":"jharkhand","statecode":"JH","c19oName":"Ranchi","apiName":"ranchi"},{"type":"d","state":"telangana","statecode":"TG","c19oName":"Ranga Reddy","apiName":"rangareddy"},{"type":"d","state":"tamil_nadu","statecode":"TN","c19oName":"Ranipet","apiName":"vellore"},{"type":"d","state":"madhya_pradesh","statecode":"MP","c19oName":"Ratlam","apiName":"ratlam"},{"type":"d","state":"maharashtra","statecode":"MH","c19oName":"Ratnagiri","apiName":"ratnagiri"},{"type":"d","state":"odisha","statecode":"OR","c19oName":"Rayagada","apiName":"rayagada"},{"type":"d","state":"jammu_and_kashmir","statecode":"JK","c19oName":"Reasi","apiName":"reasi"},{"type":"d","state":"madhya_pradesh","statecode":"MP","c19oName":"Rewa","apiName":"rewa"},{"type":"d","state":"haryana","statecode":"HR","c19oName":"Rewari","apiName":"rewari"},{"type":"d","state":"meghalaya","statecode":"ML","c19oName":"Ribhoi","apiName":"ri_bhoi"},{"type":"d","state":"haryana","statecode":"HR","c19oName":"Rohtak","apiName":"rohtak"},{"type":"d","state":"bihar","statecode":"BR","c19oName":"Rohtas","apiName":"rohtas"},{"type":"d","state":"uttarakhand","statecode":"UT","c19oName":"Rudraprayag","apiName":"rudraprayag"},{"type":"d","state":"punjab","statecode":"PB","c19oName":"Rupnagar","apiName":"rupnagar"},{"type":"d","state":"punjab","statecode":"PB","c19oName":"S.A.S. Nagar","apiName":"sahibzada_ajit_singh_nagar"},{"type":"d","state":"andhra_pradesh","statecode":"AD","c19oName":"S.P.S. Nellore","apiName":"nellore"},{"type":"d","state":"gujarat","statecode":"GJ","c19oName":"Sabarkantha","apiName":"sabar_kantha"},{"type":"d","state":"madhya_pradesh","statecode":"MP","c19oName":"Sagar","apiName":"sagar"},{"type":"d","state":"uttar_pradesh","statecode":"UP","c19oName":"Saharanpur","apiName":"saharanpur"},{"type":"d","state":"bihar","statecode":"BR","c19oName":"Saharsa","apiName":"saharsa"},{"type":"d","state":"jharkhand","statecode":"JH","c19oName":"Sahibganj","apiName":"sahibganj"},{"type":"d","state":"mizoram","statecode":"MZ","c19oName":"Saiha","apiName":"saiha"},{"type":"d","state":"tamil_nadu","statecode":"TN","c19oName":"Salem","apiName":"salem"},{"type":"d","state":"bihar","statecode":"BR","c19oName":"Samastipur","apiName":"samastipur"},{"type":"d","state":"jammu_and_kashmir","statecode":"JK","c19oName":"Samba","apiName":"samba"},{"type":"d","state":"odisha","statecode":"OR","c19oName":"Sambalpur","apiName":"sambalpur"},{"type":"d","state":"uttar_pradesh","statecode":"UP","c19oName":"Sambhal","apiName":"sambhal"},{"type":"d","state":"telangana","statecode":"TG","c19oName":"Sangareddy","apiName":"sangareddy"},{"type":"d","state":"maharashtra","statecode":"MH","c19oName":"Sangli","apiName":"sangli"},{"type":"d","state":"punjab","statecode":"PB","c19oName":"Sangrur","apiName":"sangrur"},{"type":"d","state":"uttar_pradesh","statecode":"UP","c19oName":"Sant Kabir Nagar","apiName":"sant_kabir_nagar"},{"type":"d","state":"jharkhand","statecode":"JH","c19oName":"Saraikela-Kharsawan","apiName":"saraikela-kharsawan"},{"type":"d","state":"bihar","statecode":"BR","c19oName":"Saran","apiName":"saran"},{"type":"d","state":"maharashtra","statecode":"MH","c19oName":"Satara","apiName":"satara"},{"type":"d","state":"madhya_pradesh","statecode":"MP","c19oName":"Satna","apiName":"satna"},{"type":"d","state":"rajasthan","statecode":"RJ","c19oName":"Sawai Madhopur","apiName":"sawai_madhopur"},{"type":"d","state":"madhya_pradesh","statecode":"MP","c19oName":"Sehore","apiName":"sehore"},{"type":"d","state":"manipur","statecode":"MN","c19oName":"Senapati","apiName":"senapati"},{"type":"d","state":"madhya_pradesh","statecode":"MP","c19oName":"Seoni","apiName":"seoni"},{"type":"d","state":"mizoram","statecode":"MZ","c19oName":"Serchhip","apiName":"serchhip"},{"type":"d","state":"nct_of_delhi","statecode":"DL","c19oName":"Shahdara","apiName":"west"},{"type":"d","state":"madhya_pradesh","statecode":"MP","c19oName":"Shahdol","apiName":"shahdol"},{"type":"d","state":"punjab","statecode":"PB","c19oName":"Shahid Bhagat Singh Nagar","apiName":"shahid_bhagat_singh_nagar"},{"type":"d","state":"uttar_pradesh","statecode":"UP","c19oName":"Shahjahanpur","apiName":"shahjahanpur"},{"type":"d","state":"madhya_pradesh","statecode":"MP","c19oName":"Shajapur","apiName":"shajapur"},{"type":"d","state":"uttar_pradesh","statecode":"UP","c19oName":"Shamli","apiName":"shamli"},{"type":"d","state":"bihar","statecode":"BR","c19oName":"Sheikhpura","apiName":"sheikhpura"},{"type":"d","state":"bihar","statecode":"BR","c19oName":"Sheohar","apiName":"sheohar"},{"type":"d","state":"madhya_pradesh","statecode":"MP","c19oName":"Sheopur","apiName":"sheopur"},{"type":"d","state":"arunachal_pradesh","statecode":"AR","c19oName":"Shi Yomi","apiName":"west_siang"},{"type":"d","state":"himachal_pradesh","statecode":"HP","c19oName":"Shimla","apiName":"shimla"},{"type":"d","state":"karnataka","statecode":"KA","c19oName":"Shivamogga","apiName":"shimoga"},{"type":"d","state":"madhya_pradesh","statecode":"MP","c19oName":"Shivpuri","apiName":"shivpuri"},{"type":"d","state":"jammu_and_kashmir","statecode":"JK","c19oName":"Shopiyan","apiName":"shupiyan"},{"type":"d","state":"uttar_pradesh","statecode":"UP","c19oName":"Shrawasti","apiName":"shravasti"},{"type":"d","state":"arunachal_pradesh","statecode":"AR","c19oName":"Siang","apiName":"west_siang"},{"type":"d","state":"uttar_pradesh","statecode":"UP","c19oName":"Siddharthnagar","apiName":"siddharth_nagar"},{"type":"d","state":"telangana","statecode":"TG","c19oName":"Siddipet","apiName":"siddipet"},{"type":"d","state":"madhya_pradesh","statecode":"MP","c19oName":"Sidhi","apiName":"sidhi"},{"type":"d","state":"rajasthan","statecode":"RJ","c19oName":"Sikar","apiName":"sikar"},{"type":"s","state":"sikkim","statecode":"SK","c19oName":"Sikkim","apiName":"sikkim"},{"type":"d","state":"jharkhand","statecode":"JH","c19oName":"Simdega","apiName":"simdega"},{"type":"d","state":"maharashtra","statecode":"MH","c19oName":"Sindhudurg","apiName":"sindhudurg"},{"type":"d","state":"madhya_pradesh","statecode":"MP","c19oName":"Singrauli","apiName":"singrauli"},{"type":"d","state":"tripura","statecode":"TR","c19oName":"Sipahijala","apiName":"sipahijala"},{"type":"d","state":"himachal_pradesh","statecode":"HP","c19oName":"Sirmaur","apiName":"sirmaur"},{"type":"d","state":"rajasthan","statecode":"RJ","c19oName":"Sirohi","apiName":"sirohi"},{"type":"d","state":"haryana","statecode":"HR","c19oName":"Sirsa","apiName":"sirsa"},{"type":"d","state":"bihar","statecode":"BR","c19oName":"Sitamarhi","apiName":"sitamarhi"},{"type":"d","state":"uttar_pradesh","statecode":"UP","c19oName":"Sitapur","apiName":"sitapur"},{"type":"d","state":"tamil_nadu","statecode":"TN","c19oName":"Sivaganga","apiName":"sivaganga"},{"type":"d","state":"assam","statecode":"AS","c19oName":"Sivasagar","apiName":"sivasagar"},{"type":"d","state":"bihar","statecode":"BR","c19oName":"Siwan","apiName":"siwan"},{"type":"d","state":"himachal_pradesh","statecode":"HP","c19oName":"Solan","apiName":"solan"},{"type":"d","state":"maharashtra","statecode":"MH","c19oName":"Solapur","apiName":"solapur"},{"type":"d","state":"uttar_pradesh","statecode":"UP","c19oName":"Sonbhadra","apiName":"sonbhadra"},{"type":"d","state":"haryana","statecode":"HR","c19oName":"Sonipat","apiName":"sonipat"},{"type":"d","state":"assam","statecode":"AS","c19oName":"Sonitpur","apiName":"sonitpur"},{"type":"d","state":"west_bengal","statecode":"WB","c19oName":"South 24 Parganas","apiName":"south_24_parganas"},{"type":"d","state":"andaman_and_nicobar","statecode":"AN","c19oName":"South Andaman","apiName":"south_andaman"},{"type":"d","state":"nct_of_delhi","statecode":"DL","c19oName":"South Delhi","apiName":"west"},{"type":"d","state":"nct_of_delhi","statecode":"DL","c19oName":"South East Delhi","apiName":"west"},{"type":"d","state":"meghalaya","statecode":"ML","c19oName":"South Garo Hills","apiName":"south_garo_hills"},{"type":"d","state":"goa","statecode":"GA","c19oName":"South Goa","apiName":"south_goa"},{"type":"d","state":"assam","statecode":"AS","c19oName":"South Salmara Mankachar","apiName":"dhubri"},{"type":"d","state":"sikkim","statecode":"SK","c19oName":"South Sikkim","apiName":"south_sikkim"},{"type":"d","state":"tripura","statecode":"TR","c19oName":"South Tripura","apiName":"south_tripura"},{"type":"d","state":"nct_of_delhi","statecode":"DL","c19oName":"South West Delhi","apiName":"west"},{"type":"d","state":"meghalaya","statecode":"ML","c19oName":"South West Garo Hills","apiName":"south_west_garo_hills"},{"type":"d","state":"meghalaya","statecode":"ML","c19oName":"South West Khasi Hills","apiName":"south_west_khasi_hills"},{"type":"d","state":"punjab","statecode":"PB","c19oName":"Sri Muktsar Sahib","apiName":"muktsar"},{"type":"d","state":"andhra_pradesh","statecode":"AD","c19oName":"Srikakulam","apiName":"srikakulam"},{"type":"d","state":"jammu_and_kashmir","statecode":"JK","c19oName":"Srinagar","apiName":"srinagar"},{"type":"d","state":"odisha","statecode":"OR","c19oName":"Subarnapur","apiName":"subarnapur"},{"type":"d","state":"chhattisgarh","statecode":"CT","c19oName":"Sukma","apiName":"sukma"},{"type":"d","state":"uttar_pradesh","statecode":"UP","c19oName":"Sultanpur","apiName":"sultanpur"},{"type":"d","state":"odisha","statecode":"OR","c19oName":"Sundargarh","apiName":"sundargarh"},{"type":"d","state":"bihar","statecode":"BR","c19oName":"Supaul","apiName":"supaul"},{"type":"d","state":"chhattisgarh","statecode":"CT","c19oName":"Surajpur","apiName":"surajpur"},{"type":"d","state":"gujarat","statecode":"GJ","c19oName":"Surat","apiName":"surat"},{"type":"d","state":"gujarat","statecode":"GJ","c19oName":"Surendranagar","apiName":"surendranagar"},{"type":"d","state":"chhattisgarh","statecode":"CT","c19oName":"Surguja","apiName":"surguja"},{"type":"d","state":"telangana","statecode":"TG","c19oName":"Suryapet","apiName":"suryapet"},{"type":"d","state":"manipur","statecode":"MN","c19oName":"Tamenglong","apiName":"tamenglong"},{"type":"s","state":"tamil_nadu","statecode":"TN","c19oName":"Tamil Nadu","apiName":"tamil_nadu"},{"type":"d","state":"gujarat","statecode":"GJ","c19oName":"Tapi","apiName":"tapi"},{"type":"d","state":"punjab","statecode":"PB","c19oName":"Tarn Taran","apiName":"tarn_taran"},{"type":"d","state":"arunachal_pradesh","statecode":"AR","c19oName":"Tawang","apiName":"tawang"},{"type":"d","state":"uttarakhand","statecode":"UT","c19oName":"Tehri Garhwal","apiName":"tehri_garhwal"},{"type":"s","state":"telangana","statecode":"TG","c19oName":"Telangana","apiName":"telangana"},{"type":"d","state":"manipur","statecode":"MN","c19oName":"Tengnoupal","apiName":"chandel"},{"type":"d","state":"tamil_nadu","statecode":"TN","c19oName":"Tenkasi","apiName":"tirunelveli"},{"type":"d","state":"maharashtra","statecode":"MH","c19oName":"Thane","apiName":"thane"},{"type":"d","state":"tamil_nadu","statecode":"TN","c19oName":"Thanjavur","apiName":"thanjavur"},{"type":"d","state":"tamil_nadu","statecode":"TN","c19oName":"Theni","apiName":"theni"},{"type":"d","state":"tamil_nadu","statecode":"TN","c19oName":"Thiruvallur","apiName":"thiruvallur"},{"type":"d","state":"kerala","statecode":"KL","c19oName":"Thiruvananthapuram","apiName":"thiruvananthapuram"},{"type":"d","state":"tamil_nadu","statecode":"TN","c19oName":"Thiruvarur","apiName":"thiruvarur"},{"type":"d","state":"tamil_nadu","statecode":"TN","c19oName":"Thoothukkudi","apiName":"thoothukkudi"},{"type":"d","state":"manipur","statecode":"MN","c19oName":"Thoubal","apiName":"thoubal"},{"type":"d","state":"kerala","statecode":"KL","c19oName":"Thrissur","apiName":"thrissur"},{"type":"d","state":"madhya_pradesh","statecode":"MP","c19oName":"Tikamgarh","apiName":"tikamgarh"},{"type":"d","state":"assam","statecode":"AS","c19oName":"Tinsukia","apiName":"tinsukia"},{"type":"d","state":"arunachal_pradesh","statecode":"AR","c19oName":"Tirap","apiName":"tirap"},{"type":"d","state":"tamil_nadu","statecode":"TN","c19oName":"Tiruchirappalli","apiName":"tiruchirappalli"},{"type":"d","state":"tamil_nadu","statecode":"TN","c19oName":"Tirunelveli","apiName":"tirunelveli"},{"type":"d","state":"tamil_nadu","statecode":"TN","c19oName":"Tirupathur","apiName":"krishnagiri"},{"type":"d","state":"tamil_nadu","statecode":"TN","c19oName":"Tiruppur","apiName":"tiruppur"},{"type":"d","state":"tamil_nadu","statecode":"TN","c19oName":"Tiruvannamalai","apiName":"tiruvannamalai"},{"type":"d","state":"rajasthan","statecode":"RJ","c19oName":"Tonk","apiName":"tonk"},{"type":"s","state":"tripura","statecode":"TR","c19oName":"Tripura","apiName":"tripura"},{"type":"d","state":"nagaland","statecode":"NL","c19oName":"Tuensang","apiName":"tuensang"},{"type":"d","state":"karnataka","statecode":"KA","c19oName":"Tumakuru","apiName":"tumkur"},{"type":"d","state":"rajasthan","statecode":"RJ","c19oName":"Udaipur","apiName":"udaipur"},{"type":"d","state":"assam","statecode":"AS","c19oName":"Udalguri","apiName":"udalguri"},{"type":"d","state":"uttarakhand","statecode":"UT","c19oName":"Udham Singh Nagar","apiName":"udham_singh_nagar"},{"type":"d","state":"jammu_and_kashmir","statecode":"JK","c19oName":"Udhampur","apiName":"udhampur"},{"type":"d","state":"karnataka","statecode":"KA","c19oName":"Udupi","apiName":"udupi"},{"type":"d","state":"madhya_pradesh","statecode":"MP","c19oName":"Ujjain","apiName":"ujjain"},{"type":"d","state":"manipur","statecode":"MN","c19oName":"Ukhrul","apiName":"ukhrul"},{"type":"d","state":"madhya_pradesh","statecode":"MP","c19oName":"Umaria","apiName":"umaria"},{"type":"d","state":"himachal_pradesh","statecode":"HP","c19oName":"Una","apiName":"una"},{"type":"d","state":"uttar_pradesh","statecode":"UP","c19oName":"Unnao","apiName":"unnao"},{"type":"d","state":"tripura","statecode":"TR","c19oName":"Unokoti","apiName":"unokoti"},{"type":"d","state":"arunachal_pradesh","statecode":"AR","c19oName":"Upper Dibang Valley","apiName":"dibang_valley"},{"type":"d","state":"arunachal_pradesh","statecode":"AR","c19oName":"Upper Siang","apiName":"upper_siang"},{"type":"d","state":"arunachal_pradesh","statecode":"AR","c19oName":"Upper Subansiri","apiName":"upper_subansiri"},{"type":"d","state":"chhattisgarh","statecode":"CT","c19oName":"Uttar Bastar Kanker","apiName":"uttar_bastar_kanker"},{"type":"d","state":"west_bengal","statecode":"WB","c19oName":"Uttar Dinajpur","apiName":"uttar_dinajpur"},{"type":"s","state":"uttar_pradesh","statecode":"UP","c19oName":"Uttar Pradesh","apiName":"uttar_pradesh"},{"type":"d","state":"karnataka","statecode":"KA","c19oName":"Uttara Kannada","apiName":"uttara_kannada"},{"type":"s","state":"uttarakhand","statecode":"UT","c19oName":"Uttarakhand","apiName":"uttarakhand"},{"type":"d","state":"uttarakhand","statecode":"UT","c19oName":"Uttarkashi","apiName":"uttarkashi"},{"type":"d","state":"gujarat","statecode":"GJ","c19oName":"Vadodara","apiName":"vadodara"},{"type":"d","state":"bihar","statecode":"BR","c19oName":"Vaishali","apiName":"vaishali"},{"type":"d","state":"gujarat","statecode":"GJ","c19oName":"Valsad","apiName":"valsad"},{"type":"d","state":"uttar_pradesh","statecode":"UP","c19oName":"Varanasi","apiName":"varanasi"},{"type":"d","state":"tamil_nadu","statecode":"TN","c19oName":"Vellore","apiName":"vellore"},{"type":"d","state":"madhya_pradesh","statecode":"MP","c19oName":"Vidisha","apiName":"vidisha"},{"type":"d","state":"chhattisgarh","statecode":"CT","c19oName":"Vijayapura","apiName":"bijapur"},{"type":"d","state":"telangana","statecode":"TG","c19oName":"Vikarabad","apiName":"vikarabad"},{"type":"d","state":"tamil_nadu","statecode":"TN","c19oName":"Viluppuram","apiName":"viluppuram"},{"type":"d","state":"tamil_nadu","statecode":"TN","c19oName":"Virudhunagar","apiName":"virudunagar"},{"type":"d","state":"andhra_pradesh","statecode":"AD","c19oName":"Visakhapatnam","apiName":"visakhapatnam"},{"type":"d","state":"andhra_pradesh","statecode":"AD","c19oName":"Vizianagaram","apiName":"vizianagaram"},{"type":"d","state":"telangana","statecode":"TG","c19oName":"Wanaparthy","apiName":"wanaparthy"},{"type":"d","state":"telangana","statecode":"TG","c19oName":"Warangal Rural","apiName":"warangal_rural"},{"type":"d","state":"telangana","statecode":"TG","c19oName":"Warangal Urban","apiName":"warangal_urban"},{"type":"d","state":"maharashtra","statecode":"MH","c19oName":"Wardha","apiName":"wardha"},{"type":"d","state":"maharashtra","statecode":"MH","c19oName":"Washim","apiName":"washim"},{"type":"d","state":"kerala","statecode":"KL","c19oName":"Wayanad","apiName":"wayanad"},{"type":"s","state":"west_bengal","statecode":"WB","c19oName":"West Bengal","apiName":"west_bengal"},{"type":"d","state":"bihar","statecode":"BR","c19oName":"West Champaran","apiName":"pashchim_champaran"},{"type":"d","state":"nct_of_delhi","statecode":"DL","c19oName":"West Delhi","apiName":"west"},{"type":"d","state":"meghalaya","statecode":"ML","c19oName":"West Garo Hills","apiName":"west_garo_hills"},{"type":"d","state":"andhra_pradesh","statecode":"AD","c19oName":"West Godavari","apiName":"west_godavari"},{"type":"d","state":"meghalaya","statecode":"ML","c19oName":"West Jaintia Hills","apiName":"jaintia_hills"},{"type":"d","state":"arunachal_pradesh","statecode":"AR","c19oName":"West Kameng","apiName":"west_kameng"},{"type":"d","state":"assam","statecode":"AS","c19oName":"West Karbi Anglong","apiName":"karbi_anglong"},{"type":"d","state":"meghalaya","statecode":"ML","c19oName":"West Khasi Hills","apiName":"west_khasi_hills"},{"type":"d","state":"arunachal_pradesh","statecode":"AR","c19oName":"West Siang","apiName":"west_siang"},{"type":"d","state":"sikkim","statecode":"SK","c19oName":"West Sikkim","apiName":"west_sikkim"},{"type":"d","state":"jharkhand","statecode":"JH","c19oName":"West Singhbhum","apiName":"pashchimi_singhbhum"},{"type":"d","state":"tripura","statecode":"TR","c19oName":"West Tripura","apiName":"west_tripura"},{"type":"d","state":"nagaland","statecode":"NL","c19oName":"Wokha","apiName":"wokha"},{"type":"d","state":"andhra_pradesh","statecode":"AD","c19oName":"Y.S.R. Kadapa","apiName":"y_s_r"},{"type":"d","state":"telangana","statecode":"TG","c19oName":"Yadadri Bhuvanagiri","apiName":"yadadri_bhuvanagiri"},{"type":"d","state":"karnataka","statecode":"KA","c19oName":"Yadgir","apiName":"yadgir"},{"type":"d","state":"haryana","statecode":"HR","c19oName":"Yamunanagar","apiName":"yamunanagar"},{"type":"d","state":"puducherry","statecode":"PY","c19oName":"Yanam","apiName":"yanam"},{"type":"d","state":"maharashtra","statecode":"MH","c19oName":"Yavatmal","apiName":"yavatmal"},{"type":"d","state":"nagaland","statecode":"NL","c19oName":"Zunheboto","apiName":"zunheboto"}]